,genre,count,allFans,allCritics
0,Family,21,63.142857142857146,58.523809523809526
1,Scifi,45,60.48888888888889,49.27777777777778
2,Comedy,84,58.57738095238095,49.05952380952381
3,Drama,105,64.63809523809523,56.00476190476191
4,Romance,22,62.45454545454545,47.63636363636363
5,Horror,18,49.72222222222222,37.19444444444444
6,Mystery,52,57.35576923076923,48.38461538461539
