,genre,count,allFans,allCritics
0,Family,21,63.142857142857146,58.523809523809526
1,Scifi,44,60.93181818181818,49.55681818181818
2,Comedy,79,58.664556962025316,49.77215189873418
3,Drama,99,65.03535353535354,56.803030303030305
4,Romance,21,61.54761904761905,47.0
5,Horror,16,50.03125,37.9375
6,Mystery,51,57.3921568627451,48.59803921568628
