,Unnamed: 0,genre,count,allFans,allCritics,normedAllFans,normedAllCritics
0,0,Family,21,63.14285714285714,58.523809523809526,3.6077697525116648,8.782188220512595
1,1,Scifi,44,60.93181818181818,49.55681818181818,1.3967307914727058,-0.1848031214787511
2,2,Comedy,79,58.664556962025316,49.77215189873418,-0.8705304283201585,0.030530595437248564
3,3,Drama,99,65.03535353535354,56.80303030303031,5.500266145008062,7.061408999733381
4,4,Romance,21,61.547619047619044,47.0,2.01253165727357,-2.741621303296931
5,5,Horror,16,50.03125,37.9375,-9.503837390345474,-11.804121303296931
6,6,Mystery,51,57.392156862745104,48.598039215686285,-2.1429305276003703,-1.1435820876106462
